,113_Yatra_AAAIN233676709_27.09.2022_page0_set_dpi-increase_contrast-increase_sharpness-remove_noise,114_Yatra__AAAIN233676710_27.09.2022_page0_set_dpi-increase_contrast-increase_sharpness-remove_noise,118_Yatra_AAAIN233676717_27.09.2022_page0_set_dpi-increase_contrast-increase_sharpness-remove_noise,119_Yatra_AAAIN233676781_28.09.2022_page0_set_dpi-increase_contrast-increase_sharpness-remove_noise,71_Yatra_AAAIN233675430_08.09.2022_page0_set_dpi-increase_contrast-increase_sharpness-remove_noise,73_Yatra_AAAIN233675514_09.09.2022_page0_set_dpi-increase_contrast-increase_sharpness-remove_noise,74_Yatra_AAAIN233675535_10.09.2022_page0_set_dpi-increase_contrast-increase_sharpness-remove_noise,75_Yatra_AAAIN233675556_10.09.2022_page0_set_dpi-increase_contrast-increase_sharpness-remove_noise,76_Yatra_AAAIN233675734_14.09.2022_page0_set_dpi-increase_contrast-increase_sharpness-remove_noise,Credit_note_Yatra_AAAIN233676178_20.09.2022_page0_set_dpi-increase_contrast-increase_sharpness-remove_noise,Credit_note_Yatra_AAAIN233676179_20.09.2022_page0_set_dpi-increase_contrast-increase_sharpness-remove_noise,Credit_note_Yatra_AAAIN233676180_20.09.2022_page0_set_dpi-increase_contrast-increase_sharpness-remove_noise,Credit_note_Yatra_AAAIN233676181_20.09.2022_page0_set_dpi-increase_contrast-increase_sharpness-remove_noise,Credit_note_Yatra_AAAIN233676182_20.09.2022_page0_set_dpi-increase_contrast-increase_sharpness-remove_noise,Credit_note_Yatra_AAAIN233676183_20.09.2022_page0_set_dpi-increase_contrast-increase_sharpness-remove_noise,Credit_note_Yatra_AAAIN233676184_20.09.2022_page0_set_dpi-increase_contrast-increase_sharpness-remove_noise,Credit_note_Yatra_AAAIN233676185_20.09.2022_page0_set_dpi-increase_contrast-increase_sharpness-remove_noise,Yatra_AAAIN223667438_12.03.2022_page0_set_dpi-increase_contrast-increase_sharpness-remove_noise,Yatra_AAAIN223667438_12.03.2022_page1_set_dpi-increase_contrast-increase_sharpness-remove_noise,Yatra_AAAIN223667590_17.03.2022_page0_set_dpi-increase_contrast-increase_sharpness-remove_noise,Yatra_AAAIN223667590_17.03.2022_page1_set_dpi-increase_contrast-increase_sharpness-remove_noise,Yatra_AAAIN223667591_17.03.2022_page0_set_dpi-increase_contrast-increase_sharpness-remove_noise,Yatra_AAAIN223667591_17.03.2022_page1_set_dpi-increase_contrast-increase_sharpness-remove_noise,Yatra_AAAIN22NG65961_17.03.2022_page0_set_dpi-increase_contrast-increase_sharpness-remove_noise,Yatra_AAAIN22NG65962_17.03.2022_page0_set_dpi-increase_contrast-increase_sharpness-remove_noise,Yatra_AAAIN233670118_18.05.2022_page0_set_dpi-increase_contrast-increase_sharpness-remove_noise,Yatra_AAAIN233670118_18.05.2022_page11_set_dpi-increase_contrast-increase_sharpness-remove_noise,Yatra_AAAIN233670118_18.05.2022_page13_set_dpi-increase_contrast-increase_sharpness-remove_noise,Yatra_AAAIN233670118_18.05.2022_page14_set_dpi-increase_contrast-increase_sharpness-remove_noise,Yatra_AAAIN233670118_18.05.2022_page15_set_dpi-increase_contrast-increase_sharpness-remove_noise,Yatra_AAAIN233670118_18.05.2022_page17_set_dpi-increase_contrast-increase_sharpness-remove_noise,Yatra_AAAIN233670118_18.05.2022_page1_set_dpi-increase_contrast-increase_sharpness-remove_noise,Yatra_AAAIN233670118_18.05.2022_page2_set_dpi-increase_contrast-increase_sharpness-remove_noise,Yatra_AAAIN233670118_18.05.2022_page3_set_dpi-increase_contrast-increase_sharpness-remove_noise,Yatra_AAAIN233670118_18.05.2022_page4_set_dpi-increase_contrast-increase_sharpness-remove_noise,Yatra_AAAIN233670118_18.05.2022_page5_set_dpi-increase_contrast-increase_sharpness-remove_noise,Yatra_AAAIN233670118_18.05.2022_page6_set_dpi-increase_contrast-increase_sharpness-remove_noise,Yatra_AAAIN233670118_18.05.2022_page7_set_dpi-increase_contrast-increase_sharpness-remove_noise,Yatra_AAAIN233670118_18.05.2022_page8_set_dpi-increase_contrast-increase_sharpness-remove_noise,Yatra_AAAIN233670118_18.05.2022_page9_set_dpi-increase_contrast-increase_sharpness-remove_noise,Yatra_AAAIN233670119_18.05.2022_page0_set_dpi-increase_contrast-increase_sharpness-remove_noise,Yatra_AAAIN233670124_19.05.2022_page0_set_dpi-increase_contrast-increase_sharpness-remove_noise,Yatra_AAAIN233670125_19.05.2022_page0_set_dpi-increase_contrast-increase_sharpness-remove_noise,Yatra_AAAIN233670183_20.05.2022_page0_set_dpi-increase_contrast-increase_sharpness-remove_noise,Yatra_AAAIN233671099_13.06.2022_page0_set_dpi-increase_contrast-increase_sharpness-remove_noise,Yatra_AAAIN233671099_13.06.2022_page10_set_dpi-increase_contrast-increase_sharpness-remove_noise,Yatra_AAAIN233671099_13.06.2022_page11_set_dpi-increase_contrast-increase_sharpness-remove_noise,Yatra_AAAIN233671099_13.06.2022_page12_set_dpi-increase_contrast-increase_sharpness-remove_noise,Yatra_AAAIN233671099_13.06.2022_page13_set_dpi-increase_contrast-increase_sharpness-remove_noise,Yatra_AAAIN233671099_13.06.2022_page14_set_dpi-increase_contrast-increase_sharpness-remove_noise,Yatra_AAAIN233671099_13.06.2022_page15_set_dpi-increase_contrast-increase_sharpness-remove_noise,Yatra_AAAIN233671099_13.06.2022_page16_set_dpi-increase_contrast-increase_sharpness-remove_noise,Yatra_AAAIN233671099_13.06.2022_page17_set_dpi-increase_contrast-increase_sharpness-remove_noise,Yatra_AAAIN233671099_13.06.2022_page18_set_dpi-increase_contrast-increase_sharpness-remove_noise,Yatra_AAAIN233671099_13.06.2022_page19_set_dpi-increase_contrast-increase_sharpness-remove_noise,Yatra_AAAIN233671099_13.06.2022_page1_set_dpi-increase_contrast-increase_sharpness-remove_noise,Yatra_AAAIN233671099_13.06.2022_page20_set_dpi-increase_contrast-increase_sharpness-remove_noise,Yatra_AAAIN233671099_13.06.2022_page21_set_dpi-increase_contrast-increase_sharpness-remove_noise,Yatra_AAAIN233671099_13.06.2022_page23_set_dpi-increase_contrast-increase_sharpness-remove_noise,Yatra_AAAIN233671099_13.06.2022_page25_set_dpi-increase_contrast-increase_sharpness-remove_noise,Yatra_AAAIN233671099_13.06.2022_page2_set_dpi-increase_contrast-increase_sharpness-remove_noise,Yatra_AAAIN233671099_13.06.2022_page3_set_dpi-increase_contrast-increase_sharpness-remove_noise,Yatra_AAAIN233671099_13.06.2022_page4_set_dpi-increase_contrast-increase_sharpness-remove_noise,Yatra_AAAIN233671099_13.06.2022_page5_set_dpi-increase_contrast-increase_sharpness-remove_noise,Yatra_AAAIN233671099_13.06.2022_page6_set_dpi-increase_contrast-increase_sharpness-remove_noise,Yatra_AAAIN233671099_13.06.2022_page7_set_dpi-increase_contrast-increase_sharpness-remove_noise,Yatra_AAAIN233671099_13.06.2022_page8_set_dpi-increase_contrast-increase_sharpness-remove_noise,Yatra_AAAIN233671099_13.06.2022_page9_set_dpi-increase_contrast-increase_sharpness-remove_noise,Yatra_AAAIN233671100_13.06.2022_page0_set_dpi-increase_contrast-increase_sharpness-remove_noise,Yatra_AAAIN233671101_13.06.2022_page0_set_dpi-increase_contrast-increase_sharpness-remove_noise,Yatra_AAAIN233671165_15.06.2022_page0_set_dpi-increase_contrast-increase_sharpness-remove_noise,Yatra_AAAIN233671343_18.06.2022_page0_set_dpi-increase_contrast-increase_sharpness-remove_noise,Yatra_AAAIN233671344_18.06.2022_page0_set_dpi-increase_contrast-increase_sharpness-remove_noise,Yatra_AAAIN233671345_18.06.2022_page0_set_dpi-increase_contrast-increase_sharpness-remove_noise,Yatra_AAAIN233671638_25.06.2022_page0_set_dpi-increase_contrast-increase_sharpness-remove_noise,Yatra_AAAIN233671639_25.06.2022_page0_set_dpi-increase_contrast-increase_sharpness-remove_noise,Yatra_AAAIN233671944_01.07.2022_page0_set_dpi-increase_contrast-increase_sharpness-remove_noise,Yatra_AAAIN233671944_01.07.2022_page1_set_dpi-increase_contrast-increase_sharpness-remove_noise,Yatra_AAAIN233671944_01.07.2022_page2_set_dpi-increase_contrast-increase_sharpness-remove_noise,Yatra_AAAIN233671944_01.07.2022_page3_set_dpi-increase_contrast-increase_sharpness-remove_noise,Yatra_AAAIN233671944_01.07.2022_page4_set_dpi-increase_contrast-increase_sharpness-remove_noise,Yatra_AAAIN233671944_01.07.2022_page5_set_dpi-increase_contrast-increase_sharpness-remove_noise,Yatra_AAAIN233671944_01.07.2022_page6_set_dpi-increase_contrast-increase_sharpness-remove_noise,Yatra_AAAIN233672332_08.07.2022_page0_set_dpi-increase_contrast-increase_sharpness-remove_noise,Yatra_AAAIN233672332_08.07.2022_page1_set_dpi-increase_contrast-increase_sharpness-remove_noise,Yatra_AAAIN233673648_03.08.2022_page0_set_dpi-increase_contrast-increase_sharpness-remove_noise,Yatra_AAAIN233673657_03.08.2022_page0_set_dpi-increase_contrast-increase_sharpness-remove_noise,Yatra_AAAIN233673883_08.08.2022_page0_set_dpi-increase_contrast-increase_sharpness-remove_noise,Yatra_AAAIN233673884_08.08.2022_page0_set_dpi-increase_contrast-increase_sharpness-remove_noise,Yatra_AAAIN233673968_10.08.2022_page0_set_dpi-increase_contrast-increase_sharpness-remove_noise,Yatra_AAAIN233675895_16.09.2022_page0_set_dpi-increase_contrast-increase_sharpness-remove_noise,Yatra_AAAIN233676178_20.09.2022_page0_set_dpi-increase_contrast-increase_sharpness-remove_noise,Yatra_AAAIN233676179_20.09.2022_page0_set_dpi-increase_contrast-increase_sharpness-remove_noise,Yatra_AAAIN233676180_20.09.2022_page0_set_dpi-increase_contrast-increase_sharpness-remove_noise,Yatra_AAAIN233676181_20.09.2022_page0_set_dpi-increase_contrast-increase_sharpness-remove_noise,Yatra_AAAIN233676182_20.09.2022_page0_set_dpi-increase_contrast-increase_sharpness-remove_noise,Yatra_AAAIN233676183_20.09.2022_page0_set_dpi-increase_contrast-increase_sharpness-remove_noise,Yatra_AAAIN233676184_20.09.2022_page0_set_dpi-increase_contrast-increase_sharpness-remove_noise,Yatra_AAAIN233676185_20.09.2022_page0_set_dpi-increase_contrast-increase_sharpness-remove_noise,Yatra_AAAIN233676446_23.09.2022_page0_set_dpi-increase_contrast-increase_sharpness-remove_noise,Yatra_AAAIN233676561_26.09.2022_page0_set_dpi-increase_contrast-increase_sharpness-remove_noise,Yatra_AAAIN233676562_26.09.2022_page0_set_dpi-increase_contrast-increase_sharpness-remove_noise,Yatra_AAAIN233676563_26.09.2022_page0_set_dpi-increase_contrast-increase_sharpness-remove_noise,Yatra_AAAIN233676564_26.09.2022_page0_set_dpi-increase_contrast-increase_sharpness-remove_noise,Yatra_AAAIN233676565_26.09.2022_page0_set_dpi-increase_contrast-increase_sharpness-remove_noise,Yatra_AAAIN233676566_26.09.2022_page0_set_dpi-increase_contrast-increase_sharpness-remove_noise,Yatra_AAAIN233676567_26.09.2022_page0_set_dpi-increase_contrast-increase_sharpness-remove_noise,Yatra_AAAIN233676568_26.09.2022_page0_set_dpi-increase_contrast-increase_sharpness-remove_noise,Yatra_AAAIN233676569_26.09.2022_page0_set_dpi-increase_contrast-increase_sharpness-remove_noise,Yatra_AAAIN233676570_26.09.2022_page0_set_dpi-increase_contrast-increase_sharpness-remove_noise,Yatra_AAAIN233676571_26.09.2022_page0_set_dpi-increase_contrast-increase_sharpness-remove_noise,Yatra_AAAIN233676572_26.09.2022_page0_set_dpi-increase_contrast-increase_sharpness-remove_noise,Yatra_AAAIN233676573_26.09.2022_page0_set_dpi-increase_contrast-increase_sharpness-remove_noise,Yatra_AAAIN233676574_26.09.2022_page0_set_dpi-increase_contrast-increase_sharpness-remove_noise,Yatra_AAAIN233676575_26.09.2022_page0_set_dpi-increase_contrast-increase_sharpness-remove_noise,Yatra_AAAIN233676705_27.09.2022_page0_set_dpi-increase_contrast-increase_sharpness-remove_noise,Yatra_AAAIN233676706_27.09.2022_page0_set_dpi-increase_contrast-increase_sharpness-remove_noise,Yatra_AAAIN233676707_27.09.2022_page0_set_dpi-increase_contrast-increase_sharpness-remove_noise,Yatra_AAAIN233676708_27.09.2022_page0_set_dpi-increase_contrast-increase_sharpness-remove_noise,Yatra_AAAIN233676711_27.09.2022_page0_set_dpi-increase_contrast-increase_sharpness-remove_noise,Yatra_AAAIN233676712_27.09.2022_page0_set_dpi-increase_contrast-increase_sharpness-remove_noise,Yatra_AAAIN233676713_27.09.2022_page0_set_dpi-increase_contrast-increase_sharpness-remove_noise,Yatra_AAAIN233676714_27.09.2022_page0_set_dpi-increase_contrast-increase_sharpness-remove_noise,Yatra_AAAIN233676715_27.09.2022_page0_set_dpi-increase_contrast-increase_sharpness-remove_noise,Yatra_AAAIN233676716_27.09.2022_page0_set_dpi-increase_contrast-increase_sharpness-remove_noise,Yatra_AAAIN233676718_27.09.2022_page0_set_dpi-increase_contrast-increase_sharpness-remove_noise,Yatra_AAAIN233677778_14.10.2022_page0_set_dpi-increase_contrast-increase_sharpness-remove_noise,Yatra_AAAIN233677778_14.10.2022_page1_set_dpi-increase_contrast-increase_sharpness-remove_noise,Yatra_AAAIN233677862_15.10.2022_page0_set_dpi-increase_contrast-increase_sharpness-remove_noise,Yatra_AAAIN233677862_15.10.2022_page1_set_dpi-increase_contrast-increase_sharpness-remove_noise,Yatra_AAAIN233678174_21.10.2022_page0_set_dpi-increase_contrast-increase_sharpness-remove_noise,Yatra_AAAIN233678174_21.10.2022_page1_set_dpi-increase_contrast-increase_sharpness-remove_noise,Yatra_AAAIN233678206_21.10.2022_page0_set_dpi-increase_contrast-increase_sharpness-remove_noise,Yatra_AAAIN233678206_21.10.2022_page1_set_dpi-increase_contrast-increase_sharpness-remove_noise,Yatra_AAAIN233678206_21.10.2022_page2_set_dpi-increase_contrast-increase_sharpness-remove_noise,Yatra_AAAIN233678482_27.10.202_page0_set_dpi-increase_contrast-increase_sharpness-remove_noise,Yatra_AAAIN233678482_27.10.202_page1_set_dpi-increase_contrast-increase_sharpness-remove_noise,Yatra_AAAIN233678554_28.10.2022_page0_set_dpi-increase_contrast-increase_sharpness-remove_noise,Yatra_AAAIN233678554_28.10.2022_page1_set_dpi-increase_contrast-increase_sharpness-remove_noise,Yatra_AAAIN233678638_30.10.2022_page0_set_dpi-increase_contrast-increase_sharpness-remove_noise,Yatra_AAAIN233678638_30.10.2022_page1_set_dpi-increase_contrast-increase_sharpness-remove_noise,Yatra_AAAIN233678811_01.11.2022_page0_set_dpi-increase_contrast-increase_sharpness-remove_noise,Yatra_AAAIN233678811_01.11.2022_page1_set_dpi-increase_contrast-increase_sharpness-remove_noise,Yatra_AAAIN233678842_01.11.2022_page0_set_dpi-increase_contrast-increase_sharpness-remove_noise,Yatra_AAAIN233678842_01.11.2022_page1_set_dpi-increase_contrast-increase_sharpness-remove_noise,Yatra_AAAIN233678843_01.11.2022_page0_set_dpi-increase_contrast-increase_sharpness-remove_noise,Yatra_AAAIN233678843_01.11.2022_page1_set_dpi-increase_contrast-increase_sharpness-remove_noise,Yatra_AAAIN233678930_02.11.2022_page0_set_dpi-increase_contrast-increase_sharpness-remove_noise,Yatra_AAAIN233678930_02.11.2022_page1_set_dpi-increase_contrast-increase_sharpness-remove_noise,Yatra_AAAIN233678963_03.11.2022_page0_set_dpi-increase_contrast-increase_sharpness-remove_noise,Yatra_AAAIN233678963_03.11.2022_page1_set_dpi-increase_contrast-increase_sharpness-remove_noise,Yatra_AAAIN233678964_03.11.2022_page0_set_dpi-increase_contrast-increase_sharpness-remove_noise,Yatra_AAAIN233678964_03.11.2022_page1_set_dpi-increase_contrast-increase_sharpness-remove_noise,Yatra_AAAIN233679135_05.11.2022_page0_set_dpi-increase_contrast-increase_sharpness-remove_noise,Yatra_AAAIN233679135_05.11.2022_page1_set_dpi-increase_contrast-increase_sharpness-remove_noise,Yatra_AAAIN233679145_05.11.2022_page0_set_dpi-increase_contrast-increase_sharpness-remove_noise,Yatra_AAAIN233679145_05.11.2022_page1_set_dpi-increase_contrast-increase_sharpness-remove_noise,Yatra_AAAIN233679215_07.11.2022_page0_set_dpi-increase_contrast-increase_sharpness-remove_noise,Yatra_AAAIN233679215_07.11.2022_page1_set_dpi-increase_contrast-increase_sharpness-remove_noise,Yatra_AAAIN233679216_07.11.2022_page0_set_dpi-increase_contrast-increase_sharpness-remove_noise,Yatra_AAAIN233679216_07.11.2022_page1_set_dpi-increase_contrast-increase_sharpness-remove_noise,Yatra_AAAIN233679484_10.11.2022_page0_set_dpi-increase_contrast-increase_sharpness-remove_noise,Yatra_AAAIN233679484_10.11.2022_page1_set_dpi-increase_contrast-increase_sharpness-remove_noise,Yatra_AAAIN233679486_10.11.2022_page0_set_dpi-increase_contrast-increase_sharpness-remove_noise,Yatra_AAAIN233679486_10.11.2022_page1_set_dpi-increase_contrast-increase_sharpness-remove_noise,Yatra_AAAIN233679487_10.11.2022_page0_set_dpi-increase_contrast-increase_sharpness-remove_noise,Yatra_AAAIN233679487_10.11.2022_page1_set_dpi-increase_contrast-increase_sharpness-remove_noise,Yatra_AAAIN233679488_10.11.2022_page0_set_dpi-increase_contrast-increase_sharpness-remove_noise,Yatra_AAAIN233679488_10.11.2022_page1_set_dpi-increase_contrast-increase_sharpness-remove_noise,Yatra_AAAIN233679845_15.11.2022_page0_set_dpi-increase_contrast-increase_sharpness-remove_noise,Yatra_AAAIN233679845_15.11.2022_page1_set_dpi-increase_contrast-increase_sharpness-remove_noise,Yatra_AAAIN233680141_18.11.2022_page0_set_dpi-increase_contrast-increase_sharpness-remove_noise,Yatra_AAAIN233680141_18.11.2022_page1_set_dpi-increase_contrast-increase_sharpness-remove_noise,Yatra_AAAIN233680862_28.11.2022_page0_set_dpi-increase_contrast-increase_sharpness-remove_noise,Yatra_AAAIN233680862_28.11.2022_page1_set_dpi-increase_contrast-increase_sharpness-remove_noise,Yatra_AAAIN233680901_29.11.2022_page0_set_dpi-increase_contrast-increase_sharpness-remove_noise,Yatra_AAAIN233680901_29.11.2022_page1_set_dpi-increase_contrast-increase_sharpness-remove_noise,Yatra_AAAIN233680903_29.11.2022_page0_set_dpi-increase_contrast-increase_sharpness-remove_noise,Yatra_AAAIN233680903_29.11.2022_page1_set_dpi-increase_contrast-increase_sharpness-remove_noise,Yatra_AAAIN233681164_02.12.2022_page0_set_dpi-increase_contrast-increase_sharpness-remove_noise,Yatra_AAAIN233681164_02.12.2022_page1_set_dpi-increase_contrast-increase_sharpness-remove_noise,Yatra_AAAIN233681301_05.12.2022_page0_set_dpi-increase_contrast-increase_sharpness-remove_noise,Yatra_AAAIN233681301_05.12.2022_page1_set_dpi-increase_contrast-increase_sharpness-remove_noise,Yatra_AAAIN233681309_05.12.2022_page0_set_dpi-increase_contrast-increase_sharpness-remove_noise,Yatra_AAAIN233681309_05.12.2022_page1_set_dpi-increase_contrast-increase_sharpness-remove_noise,Yatra_AAAIN233681312_05.12.2022_page0_set_dpi-increase_contrast-increase_sharpness-remove_noise,Yatra_AAAIN233681312_05.12.2022_page1_set_dpi-increase_contrast-increase_sharpness-remove_noise,Yatra_AAAIN233681313_05.12.2022_page0_set_dpi-increase_contrast-increase_sharpness-remove_noise,Yatra_AAAIN233681313_05.12.2022_page1_set_dpi-increase_contrast-increase_sharpness-remove_noise,Yatra_AAAIN233681655_09.12.2022_page0_set_dpi-increase_contrast-increase_sharpness-remove_noise,Yatra_AAAIN233681655_09.12.2022_page1_set_dpi-increase_contrast-increase_sharpness-remove_noise,Yatra_AAAIN233681656_09.12.2022_page0_set_dpi-increase_contrast-increase_sharpness-remove_noise,Yatra_AAAIN233681656_09.12.2022_page1_set_dpi-increase_contrast-increase_sharpness-remove_noise,Yatra_AAAIN233681658_09.12.2022_page0_set_dpi-increase_contrast-increase_sharpness-remove_noise,Yatra_AAAIN233681658_09.12.2022_page1_set_dpi-increase_contrast-increase_sharpness-remove_noise,Yatra_AAAIN23NG101352_01.07.2022_page0_set_dpi-increase_contrast-increase_sharpness-remove_noise,Yatra_AAAIN23NG132301_16.09.2022_page0_set_dpi-increase_contrast-increase_sharpness-remove_noise,Yatra_AAAIN23NG147745_30.10.2022_page10_set_dpi-increase_contrast-increase_sharpness-remove_noise,Yatra_AAAIN23NG147745_30.10.2022_page11_set_dpi-increase_contrast-increase_sharpness-remove_noise,Yatra_AAAIN23NG147745_30.10.2022_page12_set_dpi-increase_contrast-increase_sharpness-remove_noise,Yatra_AAAIN23NG147745_30.10.2022_page1_set_dpi-increase_contrast-increase_sharpness-remove_noise,Yatra_AAAIN23NG147745_30.10.2022_page2_set_dpi-increase_contrast-increase_sharpness-remove_noise,Yatra_AAAIN23NG147745_30.10.2022_page3_set_dpi-increase_contrast-increase_sharpness-remove_noise,Yatra_AAAIN23NG147745_30.10.2022_page4_set_dpi-increase_contrast-increase_sharpness-remove_noise,Yatra_AAAIN23NG147745_30.10.2022_page5_set_dpi-increase_contrast-increase_sharpness-remove_noise,Yatra_AAAIN23NG147745_30.10.2022_page6_set_dpi-increase_contrast-increase_sharpness-remove_noise,Yatra_AAAIN23NG147745_30.10.2022_page7_set_dpi-increase_contrast-increase_sharpness-remove_noise,Yatra_AAAIN23NG147745_30.10.2022_page8_set_dpi-increase_contrast-increase_sharpness-remove_noise,Yatra_AAAIN23NG147745_30.10.2022_page9_set_dpi-increase_contrast-increase_sharpness-remove_noise,Yatra_AAAIN23NG148871_01.11.2022_page0_set_dpi-increase_contrast-increase_sharpness-remove_noise,Yatra_AAAIN23NG148872_01.11.2022_page0_set_dpi-increase_contrast-increase_sharpness-remove_noise,Yatra_AAAIN23NG149625_03.11.2022_page0_set_dpi-increase_contrast-increase_sharpness-remove_noise,Yatra_AAAIN23NG149626_03.11.2022_page0_set_dpi-increase_contrast-increase_sharpness-remove_noise,Yatra_AAAIN23NG155604_15.11.2022_page0_set_dpi-increase_contrast-increase_sharpness-remove_noise,Yatra_AAAIN23NG95774_15.06.2022_page0_set_dpi-increase_contrast-increase_sharpness-remove_noise,Yatra_AAIN2336325131_07.02.2022_page1_set_dpi-increase_contrast-increase_sharpness-remove_noise,Yatra_AAIN2336365153_01.11.2022_page1_set_dpi-increase_contrast-increase_sharpness-remove_noise,Yatra_AAIN2336366606_10.11.2022_page1_set_dpi-increase_contrast-increase_sharpness-remove_noise,Yatra_AAIN2336366607_10.11.2022_page1_set_dpi-increase_contrast-increase_sharpness-remove_noise,Yatra_AAIN2336367491_19.11.2022_page1_set_dpi-increase_contrast-increase_sharpness-remove_noise,Yatra_AAIN233681654_09.12.2022_page0_set_dpi-increase_contrast-increase_sharpness-remove_noise,Yatra_AAIN233681654_09.12.2022_page1_set_dpi-increase_contrast-increase_sharpness-remove_noise,Yatra_CreditNote_AAACN23NG90959_01.11.2022_page0_set_dpi-increase_contrast-increase_sharpness-remove_noise,Yatra_CreditNote_AAACN23NG90960_01.11.2022_page0_set_dpi-increase_contrast-increase_sharpness-remove_noise
office_name,1,1,1,1,1,1,1,1,1,1,1,1,1,1,1,1,1,1,0,1,0,1,0,1,1,1,0,0,1,0,0,0,1,0,1,0,1,0,1,0,1,1,1,1,1,0,1,0,1,0,1,0,1,1,0,0,1,0,0,0,1,0,1,0,1,0,1,1,1,1,1,1,1,1,1,1,1,0,1,1,0,1,0,1,0,1,1,1,1,1,1,1,1,1,1,1,1,1,1,1,1,1,1,1,1,1,1,1,1,1,1,1,1,1,1,1,1,1,1,1,1,1,1,1,1,1,1,0,1,0,1,0,1,0,1,1,0,1,0,1,0,1,0,1,0,1,0,1,0,1,0,1,0,1,0,1,0,1,0,1,0,1,0,1,0,1,0,1,0,1,0,1,0,1,0,1,0,1,0,1,0,1,0,1,0,1,0,1,0,1,0,1,0,1,0,1,1,1,0,1,1,0,1,0,1,1,0,1,0,1,1,1,1,1,1,0,0,0,0,0,1,0,1,1
traveler_name,0,0,0,0,1,1,1,1,1,1,1,1,0,0,0,1,1,1,0,1,0,1,0,0,0,0,0,0,0,0,0,0,0,0,1,0,1,0,1,0,0,1,0,1,1,0,1,0,0,0,1,0,1,0,0,0,0,0,0,0,1,0,1,0,1,0,0,1,0,1,0,0,0,0,0,0,1,0,0,0,0,0,0,1,0,0,1,0,1,0,1,1,1,1,0,0,0,0,1,1,0,0,1,0,1,1,1,0,0,0,0,1,0,1,0,0,0,1,0,0,0,0,0,0,0,0,1,0,1,0,1,0,1,0,1,1,0,1,0,1,0,0,0,1,0,1,0,1,0,1,0,1,0,1,0,1,0,1,0,0,0,1,0,1,0,1,0,1,0,1,0,1,0,1,0,1,0,1,0,1,0,0,0,1,0,1,0,1,0,1,0,1,0,1,0,1,0,1,0,0,1,0,1,0,1,0,0,1,0,0,0,0,0,0,0,0,0,0,0,0,0,0,1,1
start_date,1,1,1,1,1,1,1,1,1,1,1,1,1,1,1,1,1,1,0,1,0,1,0,1,1,1,0,0,1,0,0,0,1,0,1,0,1,0,1,0,1,1,1,1,1,0,1,0,1,0,1,0,1,1,0,0,1,0,0,0,1,0,1,0,1,0,1,1,1,1,1,1,1,1,1,1,1,0,1,1,0,1,0,1,0,1,1,1,1,1,1,1,1,1,1,1,1,1,1,1,1,1,1,1,1,1,1,1,1,1,1,1,1,1,1,1,1,1,1,1,1,1,1,1,1,1,1,0,1,0,1,0,1,0,1,1,0,1,0,1,0,1,0,1,0,1,0,1,0,1,0,1,0,1,0,1,0,1,0,1,0,1,0,1,0,1,0,1,0,1,0,1,0,1,0,1,0,1,0,1,0,1,0,1,0,1,0,1,0,1,0,1,0,1,0,1,1,1,0,1,1,0,1,0,1,1,0,1,0,1,1,1,1,1,1,0,0,0,0,0,1,0,1,1
end_date,1,1,1,1,1,1,1,1,1,1,1,1,1,1,1,1,1,1,1,1,1,1,1,1,1,1,1,1,1,1,1,1,1,1,1,1,1,1,1,1,1,1,1,1,1,1,1,1,1,1,1,1,1,1,1,1,1,1,1,1,1,1,1,1,1,1,1,1,1,1,1,1,1,1,1,1,1,1,1,1,1,1,1,1,1,1,1,1,1,1,1,1,1,1,1,1,1,1,1,1,1,1,1,1,1,1,1,1,1,1,1,1,1,1,1,1,1,1,1,1,1,1,1,1,1,1,1,1,1,1,1,1,1,1,1,1,1,1,1,1,1,1,1,1,1,1,1,1,1,1,1,1,1,1,1,1,1,1,1,1,1,1,1,1,1,1,1,1,1,1,1,1,1,1,1,1,1,1,1,1,1,1,1,1,1,1,1,1,1,1,1,1,1,1,1,1,1,1,1,1,1,1,1,1,1,1,1,1,1,1,1,1,1,1,1,1,1,1,1,1,1,1,1,1
distance,0,0,0,0,0,0,0,0,0,0,0,0,0,0,0,0,0,0,0,0,0,0,0,0,0,0,0,0,0,0,0,0,0,0,0,0,0,0,0,0,0,0,0,0,0,0,0,0,0,0,0,0,0,0,0,0,0,0,0,0,0,0,0,0,0,0,0,0,0,0,0,0,0,0,0,0,0,0,0,0,0,0,0,0,0,0,0,0,0,0,0,0,0,0,0,0,0,0,0,0,0,0,0,0,0,0,0,0,0,0,0,0,0,0,0,0,0,0,0,0,0,0,0,0,0,0,0,0,0,0,0,0,0,0,0,0,0,0,0,0,0,0,0,0,0,0,0,0,0,0,0,0,0,0,0,0,0,0,0,0,0,0,0,0,0,0,0,0,0,0,0,0,0,0,0,0,0,0,0,0,0,0,0,0,0,0,0,0,0,0,0,0,0,0,0,0,0,0,0,0,0,0,0,0,0,0,0,0,0,0,0,0,0,0,0,0,0,0,0,0,0,0,0,0
distance_unit,0,0,0,0,0,0,0,0,0,0,0,0,0,0,0,0,0,0,0,0,0,0,0,0,0,0,0,0,0,0,0,0,0,0,0,0,0,0,0,0,0,0,0,0,0,0,0,0,0,0,0,0,0,0,0,0,0,0,0,0,0,0,0,0,0,0,0,0,0,0,0,0,0,0,0,0,0,0,0,0,0,0,0,0,0,0,0,0,0,0,0,0,0,0,0,0,0,0,0,0,0,0,0,0,0,0,0,0,0,0,0,0,0,0,0,0,0,0,0,0,0,0,0,0,0,0,0,0,0,0,0,0,0,0,0,0,0,0,0,0,0,0,0,0,0,0,0,0,0,0,0,0,0,0,0,0,0,0,0,0,0,0,0,0,0,0,0,0,0,0,0,0,0,0,0,0,0,0,0,0,0,0,0,0,0,0,0,0,0,0,0,0,0,0,0,0,0,0,0,0,0,0,0,0,0,0,0,0,0,0,0,0,0,0,0,0,0,0,0,0,0,0,0,0
source_city,1,1,1,0,1,1,1,1,1,1,1,1,1,1,1,1,1,1,0,1,0,1,0,1,1,1,0,0,1,0,0,0,1,0,1,0,1,0,1,0,1,1,1,1,1,0,1,0,1,0,1,0,1,1,0,0,1,0,0,0,1,0,1,0,1,0,1,1,1,0,1,0,1,1,1,1,1,0,1,1,0,1,0,1,0,1,1,1,1,1,0,1,1,1,1,1,1,1,1,1,1,1,1,1,1,1,1,1,1,1,1,1,1,1,1,1,0,1,1,1,1,1,1,1,1,1,1,0,1,0,1,0,1,0,1,1,0,1,0,1,0,1,0,1,0,1,0,1,0,1,0,1,0,1,0,1,0,1,0,1,0,1,0,1,0,1,0,1,0,1,0,1,0,1,0,1,0,1,0,1,0,1,0,1,0,1,0,1,0,1,0,1,0,1,0,1,1,1,0,1,1,0,1,0,1,1,0,1,0,1,1,1,1,1,1,0,0,0,0,0,1,0,1,1
source_country,1,1,1,0,1,1,1,1,1,1,1,1,1,1,1,1,1,1,0,1,0,1,0,1,1,1,0,0,1,0,0,0,1,0,1,0,1,0,1,0,1,1,1,1,1,0,1,0,1,0,1,0,1,1,0,0,1,0,0,0,1,0,1,0,1,0,1,1,1,0,1,0,1,1,1,1,1,0,1,1,0,1,0,1,0,1,1,1,1,1,0,1,1,1,1,1,1,1,1,1,1,1,1,1,1,1,1,1,1,1,1,1,1,1,1,1,0,1,1,1,1,1,1,1,1,1,1,0,1,0,1,0,1,0,1,1,0,1,0,1,0,1,0,1,0,1,0,1,0,1,0,1,0,1,0,1,0,1,0,1,0,1,0,1,0,1,0,1,0,1,0,1,0,1,0,1,0,1,0,1,0,1,0,1,0,1,0,1,0,1,0,1,0,1,0,1,1,1,0,1,1,0,1,0,1,1,0,1,0,1,1,1,1,1,1,0,0,0,0,0,1,0,1,1
destination_city,1,1,1,0,1,1,1,1,1,1,1,1,1,1,1,1,1,1,0,1,0,1,0,1,1,1,0,0,1,0,0,0,1,0,1,0,1,0,1,0,1,1,1,1,1,0,1,0,1,0,1,0,1,1,0,0,1,0,0,0,1,0,1,0,1,0,1,1,1,0,1,0,1,1,1,1,1,0,1,1,0,1,0,1,0,1,1,1,1,1,0,1,1,1,1,1,1,1,1,1,1,1,1,1,1,1,1,1,1,1,1,1,1,1,1,1,0,1,1,1,1,1,1,1,1,1,1,0,1,0,1,0,1,0,1,1,0,1,0,1,0,1,0,1,0,1,0,1,0,1,0,1,0,1,0,1,0,1,0,1,0,1,0,1,0,1,0,1,0,1,0,1,0,1,0,1,0,1,0,1,0,1,0,1,0,1,0,1,0,1,0,1,0,1,0,1,1,1,0,1,1,0,1,0,1,1,0,1,0,1,1,1,1,1,1,0,0,0,0,0,1,0,1,1
destination_country,1,1,1,0,1,1,1,1,1,1,1,1,1,1,1,1,1,1,0,1,0,1,0,1,1,1,0,0,1,0,0,0,1,0,1,0,1,0,1,0,1,1,1,1,1,0,1,0,1,0,1,0,1,1,0,0,1,0,0,0,1,0,1,0,1,0,1,1,1,0,1,0,1,1,1,1,1,0,1,1,0,1,0,1,0,1,1,1,1,1,0,1,1,1,1,1,1,1,1,1,1,1,1,1,1,1,1,1,1,1,1,1,1,1,1,1,0,1,1,1,1,1,1,1,1,1,1,0,1,0,1,0,1,0,1,1,0,1,0,1,0,1,0,1,0,1,0,1,0,1,0,1,0,1,0,1,0,1,0,1,0,1,0,1,0,1,0,1,0,1,0,1,0,1,0,1,0,1,0,1,0,1,0,1,0,1,0,1,0,1,0,1,0,1,0,1,1,1,0,1,1,0,1,0,1,1,0,1,0,1,1,1,1,1,1,0,0,0,0,0,1,0,1,1
